,Unnamed: 0,Wk,Date,Home,xG Home,Home Goals,Away Goals,xG Away,Away,Season,Notes
0,0.0,1.0,2022-08-05,Crystal Palace,1.2,0,2,1.0,Arsenal,2022/2023,
1,1.0,1.0,2022-08-06,Fulham,1.2,2,2,1.2,Liverpool,2022/2023,
2,2.0,1.0,2022-08-06,Tottenham,1.5,4,1,0.5,Southampton,2022/2023,
3,3.0,1.0,2022-08-06,Newcastle Utd,1.7,2,0,0.3,Nott'ham Forest,2022/2023,
4,4.0,1.0,2022-08-06,Leeds United,0.8,2,1,1.3,Wolves,2022/2023,
5,5.0,1.0,2022-08-06,Bournemouth,0.6,2,0,0.7,Aston Villa,2022/2023,
6,6.0,1.0,2022-08-06,Everton,0.7,0,1,1.5,Chelsea,2022/2023,
7,7.0,1.0,2022-08-07,Leicester City,0.6,2,2,0.8,Brentford,2022/2023,
8,8.0,1.0,2022-08-07,Manchester Utd,1.4,1,2,1.5,Brighton,2022/2023,
9,9.0,1.0,2022-08-07,West Ham,0.5,0,2,2.2,Manchester City,2022/2023,
10,11.0,2.0,2022-08-13,Aston Villa,2.3,2,1,1.6,Everton,2022/2023,
11,12.0,2.0,2022-08-13,Manchester City,1.7,4,0,0.1,Bournemouth,2022/2023,
12,13.0,2.0,2022-08-13,Southampton,1.2,2,2,1.8,Leeds United,2022/2023,
13,14.0,2.0,2022-08-13,Wolves,0.9,0,0,1.5,Fulham,2022/2023,
14,15.0,2.0,2022-08-13,Arsenal,2.7,4,2,0.5,Leicester City,2022/2023,
15,16.0,2.0,2022-08-13,Brighton,1.5,0,0,0.2,Newcastle Utd,2022/2023,
16,17.0,2.0,2022-08-13,Brentford,1.6,4,0,0.9,Manchester Utd,2022/2023,
17,18.0,2.0,2022-08-14,Nott'ham Forest,1.3,1,0,2.1,West Ham,2022/2023,
18,19.0,2.0,2022-08-14,Chelsea,1.6,2,2,1.0,Tottenham,2022/2023,
19,20.0,2.0,2022-08-15,Liverpool,2.0,1,1,1.0,Crystal Palace,2022/2023,
20,22.0,3.0,2022-08-20,Tottenham,1.7,1,0,0.7,Wolves,2022/2023,
21,23.0,3.0,2022-08-20,Leicester City,0.3,1,2,0.9,Southampton,2022/2023,
22,24.0,3.0,2022-08-20,Everton,1.5,1,1,1.0,Nott'ham Forest,2022/2023,
23,25.0,3.0,2022-08-20,Crystal Palace,2.6,3,1,0.9,Aston Villa,2022/2023,
24,26.0,3.0,2022-08-20,Fulham,2.4,3,2,1.8,Brentford,2022/2023,
25,27.0,3.0,2022-08-20,Bournemouth,0.3,0,3,1.3,Arsenal,2022/2023,
26,28.0,3.0,2022-08-21,Leeds United,2.1,3,0,0.9,Chelsea,2022/2023,
27,29.0,3.0,2022-08-21,West Ham,0.8,0,2,1.7,Brighton,2022/2023,
28,30.0,3.0,2022-08-21,Newcastle Utd,1.8,3,3,2.1,Manchester City,2022/2023,
29,31.0,3.0,2022-08-22,Manchester Utd,1.8,2,1,1.3,Liverpool,2022/2023,
30,33.0,4.0,2022-08-27,Southampton,1.4,0,1,1.1,Manchester Utd,2022/2023,
31,34.0,4.0,2022-08-27,Manchester City,2.2,4,2,0.1,Crystal Palace,2022/2023,
32,35.0,4.0,2022-08-27,Brighton,2.0,1,0,1.8,Leeds United,2022/2023,
33,36.0,4.0,2022-08-27,Chelsea,1.8,2,1,2.5,Leicester City,2022/2023,
34,37.0,4.0,2022-08-27,Brentford,2.1,1,1,1.1,Everton,2022/2023,
35,38.0,4.0,2022-08-27,Liverpool,3.3,9,0,0.3,Bournemouth,2022/2023,
36,39.0,4.0,2022-08-27,Arsenal,2.6,2,1,0.8,Fulham,2022/2023,
37,40.0,4.0,2022-08-28,Wolves,0.7,1,1,1.7,Newcastle Utd,2022/2023,
38,41.0,4.0,2022-08-28,Aston Villa,0.5,0,1,0.6,West Ham,2022/2023,
39,42.0,4.0,2022-08-28,Nott'ham Forest,0.9,0,2,2.4,Tottenham,2022/2023,
40,44.0,5.0,2022-08-30,Fulham,0.7,2,1,1.4,Brighton,2022/2023,
41,45.0,5.0,2022-08-30,Crystal Palace,1.0,1,1,1.4,Brentford,2022/2023,
42,46.0,5.0,2022-08-30,Southampton,1.1,2,1,1.1,Chelsea,2022/2023,
43,47.0,5.0,2022-08-30,Leeds United,1.0,1,1,1.0,Everton,2022/2023,
44,48.0,5.0,2022-08-31,Bournemouth,0.4,0,0,1.5,Wolves,2022/2023,
45,49.0,5.0,2022-08-31,Manchester City,3.3,6,0,0.7,Nott'ham Forest,2022/2023,
46,50.0,5.0,2022-08-31,Arsenal,2.4,2,1,0.4,Aston Villa,2022/2023,
47,51.0,5.0,2022-08-31,West Ham,1.2,1,1,0.6,Tottenham,2022/2023,
48,52.0,5.0,2022-08-31,Liverpool,1.5,2,1,0.7,Newcastle Utd,2022/2023,
49,53.0,5.0,2022-09-01,Leicester City,0.7,0,1,1.5,Manchester Utd,2022/2023,
50,55.0,6.0,2022-09-03,Everton,1.7,0,0,2.1,Liverpool,2022/2023,
51,56.0,6.0,2022-09-03,Nott'ham Forest,1.9,2,3,0.8,Bournemouth,2022/2023,
52,57.0,6.0,2022-09-03,Wolves,0.8,1,0,1.2,Southampton,2022/2023,
53,58.0,6.0,2022-09-03,Newcastle Utd,2.8,0,0,1.0,Crystal Palace,2022/2023,
54,59.0,6.0,2022-09-03,Brentford,2.3,5,2,1.7,Leeds United,2022/2023,
55,60.0,6.0,2022-09-03,Tottenham,2.9,2,1,0.7,Fulham,2022/2023,
56,61.0,6.0,2022-09-03,Chelsea,0.9,2,1,1.1,West Ham,2022/2023,
57,62.0,6.0,2022-09-03,Aston Villa,0.3,1,1,2.1,Manchester City,2022/2023,
58,63.0,6.0,2022-09-04,Brighton,2.6,5,2,1.4,Leicester City,2022/2023,
59,64.0,6.0,2022-09-04,Manchester Utd,1.5,3,1,1.3,Arsenal,2022/2023,
60,66.0,8.0,2022-09-16,Aston Villa,1.5,1,0,0.3,Southampton,2022/2023,
61,67.0,8.0,2022-09-16,Nott'ham Forest,1.4,2,3,0.9,Fulham,2022/2023,
62,68.0,8.0,2022-09-17,Wolves,0.4,0,3,1.1,Manchester City,2022/2023,
63,69.0,8.0,2022-09-17,Newcastle Utd,1.9,1,1,0.7,Bournemouth,2022/2023,
64,70.0,8.0,2022-09-17,Tottenham,2.2,6,2,1.8,Leicester City,2022/2023,
65,71.0,8.0,2022-09-18,Brentford,0.5,0,3,1.5,Arsenal,2022/2023,
66,72.0,8.0,2022-09-18,Everton,0.4,1,0,1.0,West Ham,2022/2023,
67,74.0,9.0,2022-10-01,Arsenal,2.4,3,1,1.6,Tottenham,2022/2023,
68,75.0,9.0,2022-10-01,Southampton,1.7,1,2,2.0,Everton,2022/2023,
69,76.0,9.0,2022-10-01,Crystal Palace,0.4,1,2,1.1,Chelsea,2022/2023,
70,77.0,9.0,2022-10-01,Liverpool,1.5,3,3,1.4,Brighton,2022/2023,
71,78.0,9.0,2022-10-01,Fulham,0.5,1,4,3.3,Newcastle Utd,2022/2023,
72,79.0,9.0,2022-10-01,Bournemouth,0.4,0,0,0.9,Brentford,2022/2023,
73,80.0,9.0,2022-10-01,West Ham,0.9,2,0,0.7,Wolves,2022/2023,
74,81.0,9.0,2022-10-02,Manchester City,3.2,6,3,1.7,Manchester Utd,2022/2023,
75,82.0,9.0,2022-10-02,Leeds United,0.4,0,0,2.2,Aston Villa,2022/2023,
76,83.0,9.0,2022-10-03,Leicester City,1.3,4,0,1.1,Nott'ham Forest,2022/2023,
77,85.0,10.0,2022-10-08,Bournemouth,1.1,2,1,1.0,Leicester City,2022/2023,
78,86.0,10.0,2022-10-08,Newcastle Utd,1.5,5,1,1.2,Brentford,2022/2023,
79,87.0,10.0,2022-10-08,Manchester City,2.4,4,0,0.2,Southampton,2022/2023,
80,88.0,10.0,2022-10-08,Chelsea,1.9,3,0,1.1,Wolves,2022/2023,
81,89.0,10.0,2022-10-08,Brighton,0.7,0,1,0.8,Tottenham,2022/2023,
82,90.0,10.0,2022-10-09,West Ham,2.4,3,1,0.7,Fulham,2022/2023,
83,91.0,10.0,2022-10-09,Crystal Palace,1.1,2,1,1.0,Leeds United,2022/2023,
84,92.0,10.0,2022-10-09,Arsenal,2.7,3,2,1.1,Liverpool,2022/2023,
85,93.0,10.0,2022-10-09,Everton,0.6,1,2,1.4,Manchester Utd,2022/2023,
86,94.0,10.0,2022-10-10,Nott'ham Forest,0.3,1,1,0.7,Aston Villa,2022/2023,
87,96.0,11.0,2022-10-14,Brentford,1.5,2,0,1.9,Brighton,2022/2023,
88,97.0,11.0,2022-10-15,Leicester City,1.0,0,0,0.4,Crystal Palace,2022/2023,
89,98.0,11.0,2022-10-15,Fulham,2.1,2,2,1.0,Bournemouth,2022/2023,
90,99.0,11.0,2022-10-15,Wolves,1.3,1,0,1.5,Nott'ham Forest,2022/2023,
91,100.0,11.0,2022-10-15,Tottenham,2.2,2,0,0.4,Everton,2022/2023,
92,101.0,11.0,2022-10-16,Southampton,0.5,1,1,1.7,West Ham,2022/2023,
93,102.0,11.0,2022-10-16,Aston Villa,1.8,0,2,0.9,Chelsea,2022/2023,
94,103.0,11.0,2022-10-16,Leeds United,1.8,0,1,0.5,Arsenal,2022/2023,
95,104.0,11.0,2022-10-16,Manchester Utd,0.8,0,0,0.8,Newcastle Utd,2022/2023,
96,105.0,11.0,2022-10-16,Liverpool,2.1,1,0,1.0,Manchester City,2022/2023,
97,107.0,12.0,2022-10-18,Brighton,1.7,0,0,0.1,Nott'ham Forest,2022/2023,
98,108.0,12.0,2022-10-18,Crystal Palace,1.2,2,1,0.8,Wolves,2022/2023,
99,109.0,12.0,2022-10-19,Bournemouth,1.0,0,1,1.0,Southampton,2022/2023,
100,110.0,12.0,2022-10-19,Brentford,1.3,0,0,0.9,Chelsea,2022/2023,
101,111.0,12.0,2022-10-19,Liverpool,1.7,1,0,1.7,West Ham,2022/2023,
102,112.0,12.0,2022-10-19,Newcastle Utd,1.5,1,0,0.2,Everton,2022/2023,
103,113.0,12.0,2022-10-19,Manchester Utd,1.5,2,0,0.6,Tottenham,2022/2023,
104,114.0,12.0,2022-10-20,Fulham,2.1,3,0,1.2,Aston Villa,2022/2023,
105,115.0,12.0,2022-10-20,Leicester City,0.8,2,0,1.3,Leeds United,2022/2023,
106,117.0,13.0,2022-10-22,Nott'ham Forest,1.9,1,0,1.6,Liverpool,2022/2023,
107,118.0,13.0,2022-10-22,Everton,1.4,3,0,0.9,Crystal Palace,2022/2023,
108,119.0,13.0,2022-10-22,Manchester City,1.6,3,1,0.5,Brighton,2022/2023,
109,120.0,13.0,2022-10-22,Chelsea,1.1,1,1,0.8,Manchester Utd,2022/2023,
110,121.0,13.0,2022-10-23,Aston Villa,2.8,4,0,0.9,Brentford,2022/2023,
111,122.0,13.0,2022-10-23,Wolves,2.1,0,4,0.9,Leicester City,2022/2023,
112,123.0,13.0,2022-10-23,Leeds United,1.6,2,3,1.8,Fulham,2022/2023,
113,124.0,13.0,2022-10-23,Southampton,0.7,1,1,1.0,Arsenal,2022/2023,
114,125.0,13.0,2022-10-23,Tottenham,1.6,1,2,1.2,Newcastle Utd,2022/2023,
115,126.0,13.0,2022-10-24,West Ham,1.9,2,0,0.4,Bournemouth,2022/2023,
116,128.0,14.0,2022-10-29,Leicester City,0.7,0,1,1.0,Manchester City,2022/2023,
117,129.0,14.0,2022-10-29,Brentford,1.4,1,1,0.6,Wolves,2022/2023,
118,130.0,14.0,2022-10-29,Crystal Palace,0.9,1,0,1.3,Southampton,2022/2023,
119,131.0,14.0,2022-10-29,Newcastle Utd,3.4,4,0,0.4,Aston Villa,2022/2023,
120,132.0,14.0,2022-10-29,Brighton,2.4,4,1,1.4,Chelsea,2022/2023,
121,133.0,14.0,2022-10-29,Bournemouth,0.5,2,3,2.0,Tottenham,2022/2023,
122,134.0,14.0,2022-10-29,Fulham,1.9,0,0,0.9,Everton,2022/2023,
123,135.0,14.0,2022-10-29,Liverpool,1.7,1,2,1.8,Leeds United,2022/2023,
124,136.0,14.0,2022-10-30,Arsenal,2.3,5,0,0.4,Nott'ham Forest,2022/2023,
125,137.0,14.0,2022-10-30,Manchester Utd,1.2,1,0,1.1,West Ham,2022/2023,
126,139.0,15.0,2022-11-05,Nott'ham Forest,1.5,2,2,1.5,Brentford,2022/2023,
127,140.0,15.0,2022-11-05,Leeds United,2.2,4,3,1.5,Bournemouth,2022/2023,
128,141.0,15.0,2022-11-05,Manchester City,2.1,2,1,1.0,Fulham,2022/2023,
129,142.0,15.0,2022-11-05,Wolves,1.2,2,3,1.5,Brighton,2022/2023,
130,143.0,15.0,2022-11-05,Everton,1.2,0,2,2.3,Leicester City,2022/2023,
131,144.0,15.0,2022-11-06,Chelsea,0.3,0,1,2.1,Arsenal,2022/2023,
132,145.0,15.0,2022-11-06,West Ham,0.3,1,2,1.0,Crystal Palace,2022/2023,
133,146.0,15.0,2022-11-06,Southampton,1.7,1,4,0.9,Newcastle Utd,2022/2023,
134,147.0,15.0,2022-11-06,Aston Villa,0.6,3,1,0.5,Manchester Utd,2022/2023,
135,148.0,15.0,2022-11-06,Tottenham,1.2,1,2,1.2,Liverpool,2022/2023,
136,150.0,16.0,2022-11-12,Manchester City,1.6,1,2,1.3,Brentford,2022/2023,
137,151.0,16.0,2022-11-12,Tottenham,1.8,4,3,1.1,Leeds United,2022/2023,
138,152.0,16.0,2022-11-12,Liverpool,1.9,3,1,1.1,Southampton,2022/2023,
139,153.0,16.0,2022-11-12,Bournemouth,2.4,3,0,0.8,Everton,2022/2023,
140,154.0,16.0,2022-11-12,West Ham,1.4,0,2,1.8,Leicester City,2022/2023,
141,155.0,16.0,2022-11-12,Nott'ham Forest,1.1,1,0,1.2,Crystal Palace,2022/2023,
142,156.0,16.0,2022-11-12,Newcastle Utd,1.0,1,0,0.3,Chelsea,2022/2023,
143,157.0,16.0,2022-11-12,Wolves,0.7,0,2,2.1,Arsenal,2022/2023,
144,158.0,16.0,2022-11-13,Brighton,0.6,1,2,1.5,Aston Villa,2022/2023,
145,159.0,16.0,2022-11-13,Fulham,1.4,1,2,2.5,Manchester Utd,2022/2023,
146,161.0,17.0,2022-12-26,Brentford,2.0,2,2,1.1,Tottenham,2022/2023,
147,162.0,17.0,2022-12-26,Southampton,1.9,1,3,0.6,Brighton,2022/2023,
148,163.0,17.0,2022-12-26,Leicester City,0.5,0,3,1.9,Newcastle Utd,2022/2023,
149,164.0,17.0,2022-12-26,Crystal Palace,0.4,0,3,2.5,Fulham,2022/2023,
150,165.0,17.0,2022-12-26,Everton,1.7,1,2,0.8,Wolves,2022/2023,
151,166.0,17.0,2022-12-26,Aston Villa,1.4,1,3,2.7,Liverpool,2022/2023,
152,167.0,17.0,2022-12-26,Arsenal,2.1,3,1,1.0,West Ham,2022/2023,
153,168.0,17.0,2022-12-27,Chelsea,1.8,2,0,0.5,Bournemouth,2022/2023,
154,169.0,17.0,2022-12-27,Manchester Utd,2.4,3,0,0.7,Nott'ham Forest,2022/2023,
155,170.0,17.0,2022-12-28,Leeds United,0.6,1,3,4.3,Manchester City,2022/2023,
156,172.0,18.0,2022-12-30,West Ham,1.3,0,2,1.6,Brentford,2022/2023,
157,173.0,18.0,2022-12-30,Liverpool,2.2,2,1,1.0,Leicester City,2022/2023,
158,174.0,18.0,2022-12-31,Wolves,0.7,0,1,2.0,Manchester Utd,2022/2023,
159,175.0,18.0,2022-12-31,Newcastle Utd,2.2,0,0,0.4,Leeds United,2022/2023,
160,176.0,18.0,2022-12-31,Fulham,1.5,2,1,0.8,Southampton,2022/2023,
161,177.0,18.0,2022-12-31,Manchester City,1.7,1,1,0.1,Everton,2022/2023,
162,178.0,18.0,2022-12-31,Bournemouth,0.6,0,2,1.6,Crystal Palace,2022/2023,
163,179.0,18.0,2022-12-31,Brighton,1.2,2,4,2.9,Arsenal,2022/2023,
164,180.0,18.0,2023-01-01,Tottenham,0.7,0,2,1.0,Aston Villa,2022/2023,
165,181.0,18.0,2023-01-01,Nott'ham Forest,1.4,1,1,0.9,Chelsea,2022/2023,
166,183.0,19.0,2023-01-02,Brentford,1.6,3,1,0.9,Liverpool,2022/2023,
167,184.0,19.0,2023-01-03,Leicester City,1.7,0,1,1.7,Fulham,2022/2023,
168,185.0,19.0,2023-01-03,Everton,1.3,1,4,2.2,Brighton,2022/2023,
169,186.0,19.0,2023-01-03,Arsenal,1.1,0,0,1.0,Newcastle Utd,2022/2023,
170,187.0,19.0,2023-01-03,Manchester Utd,2.2,3,0,0.6,Bournemouth,2022/2023,
171,188.0,19.0,2023-01-04,Southampton,0.5,0,1,1.4,Nott'ham Forest,2022/2023,
172,189.0,19.0,2023-01-04,Leeds United,1.6,2,2,1.4,West Ham,2022/2023,
173,190.0,19.0,2023-01-04,Aston Villa,1.8,1,1,0.9,Wolves,2022/2023,
174,191.0,19.0,2023-01-04,Crystal Palace,0.8,0,4,1.4,Tottenham,2022/2023,
175,192.0,19.0,2023-01-05,Chelsea,0.4,0,1,2.0,Manchester City,2022/2023,
176,194.0,7.0,2023-01-12,Fulham,1.0,2,1,2.1,Chelsea,2022/2023,
177,196.0,20.0,2023-01-13,Aston Villa,1.2,2,1,2.4,Leeds United,2022/2023,
178,197.0,20.0,2023-01-14,Manchester Utd,1.7,2,1,0.6,Manchester City,2022/2023,
179,198.0,20.0,2023-01-14,Everton,1.4,1,2,1.2,Southampton,2022/2023,
180,199.0,20.0,2023-01-14,Wolves,0.9,1,0,1.1,West Ham,2022/2023,
181,200.0,20.0,2023-01-14,Nott'ham Forest,2.4,2,0,1.0,Leicester City,2022/2023,
182,201.0,20.0,2023-01-14,Brighton,1.9,3,0,1.0,Liverpool,2022/2023,
183,202.0,20.0,2023-01-14,Brentford,1.4,2,0,0.6,Bournemouth,2022/2023,
184,203.0,20.0,2023-01-15,Chelsea,1.5,1,0,0.7,Crystal Palace,2022/2023,
185,204.0,20.0,2023-01-15,Newcastle Utd,2.2,1,0,1.1,Fulham,2022/2023,
186,205.0,20.0,2023-01-15,Tottenham,1.6,0,2,1.8,Arsenal,2022/2023,
187,207.0,7.0,2023-01-18,Crystal Palace,0.5,1,1,2.1,Manchester Utd,2022/2023,
188,208.0,7.0,2023-01-19,Manchester City,2.3,4,2,0.8,Tottenham,2022/2023,
189,210.0,21.0,2023-01-21,Liverpool,1.4,0,0,1.6,Chelsea,2022/2023,
190,211.0,21.0,2023-01-21,Bournemouth,1.4,1,1,1.9,Nott'ham Forest,2022/2023,
191,212.0,21.0,2023-01-21,Southampton,0.6,0,1,1.4,Aston Villa,2022/2023,
192,213.0,21.0,2023-01-21,Leicester City,0.9,2,2,1.7,Brighton,2022/2023,
193,214.0,21.0,2023-01-21,West Ham,2.2,2,0,0.5,Everton,2022/2023,
194,215.0,21.0,2023-01-21,Crystal Palace,0.3,0,0,1.2,Newcastle Utd,2022/2023,
195,216.0,21.0,2023-01-22,Manchester City,2.8,3,0,0.8,Wolves,2022/2023,
196,217.0,21.0,2023-01-22,Leeds United,0.5,0,0,0.4,Brentford,2022/2023,
197,218.0,21.0,2023-01-22,Arsenal,3.1,3,2,0.4,Manchester Utd,2022/2023,
198,219.0,21.0,2023-01-23,Fulham,1.0,0,1,0.9,Tottenham,2022/2023,
199,221.0,22.0,2023-02-03,Chelsea,1.3,0,0,0.6,Fulham,2022/2023,
200,222.0,22.0,2023-02-04,Everton,1.7,1,0,0.9,Arsenal,2022/2023,
201,223.0,22.0,2023-02-04,Aston Villa,1.7,2,4,2.6,Leicester City,2022/2023,
202,224.0,22.0,2023-02-04,Wolves,2.0,3,0,1.8,Liverpool,2022/2023,
203,225.0,22.0,2023-02-04,Manchester Utd,2.0,2,1,1.3,Crystal Palace,2022/2023,
204,226.0,22.0,2023-02-04,Brighton,2.2,1,0,1.1,Bournemouth,2022/2023,
205,227.0,22.0,2023-02-04,Brentford,2.0,3,0,0.7,Southampton,2022/2023,
206,228.0,22.0,2023-02-04,Newcastle Utd,1.0,1,1,1.0,West Ham,2022/2023,
207,229.0,22.0,2023-02-05,Nott'ham Forest,0.4,1,0,0.9,Leeds United,2022/2023,
208,230.0,22.0,2023-02-05,Tottenham,1.4,1,0,1.3,Manchester City,2022/2023,
209,232.0,8.0,2023-02-08,Manchester Utd,2.0,2,2,0.6,Leeds United,2022/2023,
210,234.0,23.0,2023-02-11,West Ham,1.3,1,1,1.1,Chelsea,2022/2023,
211,235.0,23.0,2023-02-11,Leicester City,1.7,4,1,1.3,Tottenham,2022/2023,
212,236.0,23.0,2023-02-11,Crystal Palace,1.1,1,1,2.5,Brighton,2022/2023,
213,237.0,23.0,2023-02-11,Arsenal,1.6,1,1,2.0,Brentford,2022/2023,
214,238.0,23.0,2023-02-11,Southampton,1.1,1,2,0.8,Wolves,2022/2023,
215,239.0,23.0,2023-02-11,Fulham,1.5,2,0,0.7,Nott'ham Forest,2022/2023,
216,240.0,23.0,2023-02-11,Bournemouth,1.5,1,1,1.3,Newcastle Utd,2022/2023,
217,241.0,23.0,2023-02-12,Leeds United,1.8,0,2,1.1,Manchester Utd,2022/2023,
218,242.0,23.0,2023-02-12,Manchester City,3.3,3,1,0.3,Aston Villa,2022/2023,
219,243.0,23.0,2023-02-13,Liverpool,2.3,2,0,0.4,Everton,2022/2023,
220,245.0,12.0,2023-02-15,Arsenal,1.6,1,3,1.8,Manchester City,2022/2023,
221,247.0,24.0,2023-02-18,Aston Villa,0.5,2,4,3.2,Arsenal,2022/2023,
222,248.0,24.0,2023-02-18,Brighton,2.2,0,1,0.3,Fulham,2022/2023,
223,249.0,24.0,2023-02-18,Nott'ham Forest,0.9,1,1,2.4,Manchester City,2022/2023,
224,250.0,24.0,2023-02-18,Chelsea,1.6,0,1,0.6,Southampton,2022/2023,
225,251.0,24.0,2023-02-18,Everton,1.4,1,0,0.5,Leeds United,2022/2023,
226,252.0,24.0,2023-02-18,Wolves,1.3,0,1,1.1,Bournemouth,2022/2023,
227,253.0,24.0,2023-02-18,Brentford,0.9,1,1,1.1,Crystal Palace,2022/2023,
228,254.0,24.0,2023-02-18,Newcastle Utd,2.0,0,2,1.9,Liverpool,2022/2023,
229,255.0,24.0,2023-02-19,Manchester Utd,4.4,3,0,1.6,Leicester City,2022/2023,
230,256.0,24.0,2023-02-19,Tottenham,1.5,2,0,0.5,West Ham,2022/2023,
231,258.0,25.0,2023-02-24,Fulham,0.5,1,1,0.8,Wolves,2022/2023,
232,259.0,25.0,2023-02-25,Leicester City,0.0,0,1,0.7,Arsenal,2022/2023,
233,260.0,25.0,2023-02-25,Everton,1.6,0,2,1.9,Aston Villa,2022/2023,
234,261.0,25.0,2023-02-25,West Ham,2.7,4,0,0.4,Nott'ham Forest,2022/2023,
235,262.0,25.0,2023-02-25,Leeds United,0.9,1,0,0.4,Southampton,2022/2023,
236,263.0,25.0,2023-02-25,Bournemouth,1.0,1,4,2.4,Manchester City,2022/2023,
237,264.0,25.0,2023-02-25,Crystal Palace,0.7,0,0,0.9,Liverpool,2022/2023,
238,265.0,25.0,2023-02-26,Tottenham,0.8,2,0,0.4,Chelsea,2022/2023,
239,267.0,7.0,2023-03-01,Arsenal,2.4,4,0,1.2,Everton,2022/2023,
240,268.0,7.0,2023-03-01,Liverpool,2.6,2,0,0.8,Wolves,2022/2023,
241,270.0,26.0,2023-03-04,Manchester City,1.3,2,0,0.4,Newcastle Utd,2022/2023,
242,271.0,26.0,2023-03-04,Arsenal,2.1,3,2,1.3,Bournemouth,2022/2023,
243,272.0,26.0,2023-03-04,Aston Villa,1.2,1,0,0.2,Crystal Palace,2022/2023,
244,273.0,26.0,2023-03-04,Chelsea,1.5,1,0,1.0,Leeds United,2022/2023,
245,274.0,26.0,2023-03-04,Brighton,3.5,4,0,0.3,West Ham,2022/2023,
246,275.0,26.0,2023-03-04,Wolves,0.5,1,0,1.2,Tottenham,2022/2023,
247,276.0,26.0,2023-03-04,Southampton,1.4,1,0,1.9,Leicester City,2022/2023,
248,277.0,26.0,2023-03-05,Nott'ham Forest,0.8,2,2,1.7,Everton,2022/2023,
249,278.0,26.0,2023-03-05,Liverpool,2.8,7,0,0.8,Manchester Utd,2022/2023,
250,279.0,26.0,2023-03-06,Brentford,2.1,3,2,1.4,Fulham,2022/2023,
251,281.0,27.0,2023-03-11,Bournemouth,0.9,1,0,1.7,Liverpool,2022/2023,
252,282.0,27.0,2023-03-11,Leeds United,0.9,2,2,2.7,Brighton,2022/2023,
253,283.0,27.0,2023-03-11,Everton,1.0,1,0,2.0,Brentford,2022/2023,
254,284.0,27.0,2023-03-11,Leicester City,2.4,1,3,1.6,Chelsea,2022/2023,
255,285.0,27.0,2023-03-11,Tottenham,2.0,3,1,1.5,Nott'ham Forest,2022/2023,
256,286.0,27.0,2023-03-11,Crystal Palace,0.2,0,1,2.1,Manchester City,2022/2023,
257,287.0,27.0,2023-03-12,Manchester Utd,0.8,0,0,1.0,Southampton,2022/2023,
258,288.0,27.0,2023-03-12,Fulham,0.8,0,3,2.3,Arsenal,2022/2023,
259,289.0,27.0,2023-03-12,West Ham,2.1,1,1,1.5,Aston Villa,2022/2023,
260,290.0,27.0,2023-03-12,Newcastle Utd,1.8,2,1,1.1,Wolves,2022/2023,
261,292.0,7.0,2023-03-15,Southampton,0.5,0,2,1.9,Brentford,2022/2023,
262,294.0,8.0,2023-03-15,Brighton,0.6,1,0,1.1,Crystal Palace,2022/2023,
263,296.0,28.0,2023-03-17,Nott'ham Forest,0.4,1,2,2.4,Newcastle Utd,2022/2023,
264,297.0,28.0,2023-03-18,Wolves,2.7,2,4,1.6,Leeds United,2022/2023,
265,298.0,28.0,2023-03-18,Brentford,0.6,1,1,1.3,Leicester City,2022/2023,
266,299.0,28.0,2023-03-18,Aston Villa,3.5,3,0,1.3,Bournemouth,2022/2023,
267,300.0,28.0,2023-03-18,Southampton,2.4,3,3,2.3,Tottenham,2022/2023,
268,301.0,28.0,2023-03-18,Chelsea,2.3,2,2,1.2,Everton,2022/2023,
269,302.0,28.0,2023-03-19,Arsenal,1.6,4,1,0.8,Crystal Palace,2022/2023,
270,304.0,29.0,2023-04-01,Manchester City,2.9,4,1,0.3,Liverpool,2022/2023,
271,305.0,29.0,2023-04-01,Arsenal,3.8,4,1,0.7,Leeds United,2022/2023,
272,306.0,29.0,2023-04-01,Nott'ham Forest,1.3,1,1,0.5,Wolves,2022/2023,
273,307.0,29.0,2023-04-01,Brighton,4.2,3,3,1.6,Brentford,2022/2023,
274,308.0,29.0,2023-04-01,Crystal Palace,2.3,2,1,0.2,Leicester City,2022/2023,
275,309.0,29.0,2023-04-01,Bournemouth,2.6,2,1,0.8,Fulham,2022/2023,
276,310.0,29.0,2023-04-01,Chelsea,2.1,0,2,0.9,Aston Villa,2022/2023,
277,311.0,29.0,2023-04-02,West Ham,1.4,1,0,0.3,Southampton,2022/2023,
278,312.0,29.0,2023-04-02,Newcastle Utd,3.7,2,0,0.4,Manchester Utd,2022/2023,
279,313.0,29.0,2023-04-03,Everton,0.9,1,1,1.4,Tottenham,2022/2023,
280,315.0,7.0,2023-04-04,Leeds United,1.8,2,1,0.8,Nott'ham Forest,2022/2023,
281,316.0,7.0,2023-04-04,Bournemouth,1.7,0,2,2.7,Brighton,2022/2023,
282,317.0,7.0,2023-04-04,Leicester City,0.5,1,2,1.0,Aston Villa,2022/2023,
283,319.0,8.0,2023-04-04,Chelsea,2.2,0,0,0.3,Liverpool,2022/2023,
284,321.0,7.0,2023-04-05,West Ham,1.0,1,5,3.3,Newcastle Utd,2022/2023,
285,323.0,25.0,2023-04-05,Manchester Utd,1.2,1,0,0.7,Brentford,2022/2023,
286,325.0,30.0,2023-04-08,Manchester Utd,3.4,2,0,1.0,Everton,2022/2023,
287,326.0,30.0,2023-04-08,Fulham,0.7,0,1,1.1,West Ham,2022/2023,
288,327.0,30.0,2023-04-08,Aston Villa,1.3,2,0,0.2,Nott'ham Forest,2022/2023,
289,328.0,30.0,2023-04-08,Leicester City,0.6,0,1,1.9,Bournemouth,2022/2023,
290,329.0,30.0,2023-04-08,Brentford,2.6,1,2,1.3,Newcastle Utd,2022/2023,
291,330.0,30.0,2023-04-08,Wolves,0.6,1,0,1.1,Chelsea,2022/2023,
292,331.0,30.0,2023-04-08,Tottenham,0.8,2,1,1.4,Brighton,2022/2023,
293,332.0,30.0,2023-04-08,Southampton,0.4,1,4,2.9,Manchester City,2022/2023,
294,333.0,30.0,2023-04-09,Leeds United,0.9,1,5,3.0,Crystal Palace,2022/2023,
295,334.0,30.0,2023-04-09,Liverpool,3.9,2,2,1.4,Arsenal,2022/2023,
296,336.0,31.0,2023-04-15,Aston Villa,1.9,3,0,0.5,Newcastle Utd,2022/2023,
297,337.0,31.0,2023-04-15,Chelsea,0.5,1,2,2.9,Brighton,2022/2023,
298,338.0,31.0,2023-04-15,Southampton,0.8,0,2,0.9,Crystal Palace,2022/2023,
299,339.0,31.0,2023-04-15,Wolves,0.8,2,0,1.1,Brentford,2022/2023,
300,340.0,31.0,2023-04-15,Tottenham,2.2,2,3,1.3,Bournemouth,2022/2023,
301,341.0,31.0,2023-04-15,Everton,1.4,1,3,1.8,Fulham,2022/2023,
302,342.0,31.0,2023-04-15,Manchester City,1.6,3,1,2.3,Leicester City,2022/2023,
303,343.0,31.0,2023-04-16,West Ham,1.8,2,2,2.7,Arsenal,2022/2023,
304,344.0,31.0,2023-04-16,Nott'ham Forest,0.7,0,2,3.5,Manchester Utd,2022/2023,
305,345.0,31.0,2023-04-17,Leeds United,1.4,1,6,2.7,Liverpool,2022/2023,
306,347.0,32.0,2023-04-21,Arsenal,2.5,3,3,1.3,Southampton,2022/2023,
307,348.0,32.0,2023-04-22,Fulham,1.7,2,1,0.8,Leeds United,2022/2023,
308,349.0,32.0,2023-04-22,Crystal Palace,0.5,0,0,0.4,Everton,2022/2023,
309,350.0,32.0,2023-04-22,Brentford,2.7,1,1,1.5,Aston Villa,2022/2023,
310,351.0,32.0,2023-04-22,Liverpool,2.8,3,2,0.9,Nott'ham Forest,2022/2023,
311,352.0,32.0,2023-04-22,Leicester City,2.4,2,1,0.9,Wolves,2022/2023,
312,353.0,32.0,2023-04-23,Bournemouth,1.5,0,4,2.4,West Ham,2022/2023,
313,354.0,32.0,2023-04-23,Newcastle Utd,3.7,6,1,1.0,Tottenham,2022/2023,
314,356.0,33.0,2023-04-25,Wolves,1.4,2,0,0.8,Crystal Palace,2022/2023,
315,357.0,33.0,2023-04-25,Aston Villa,1.0,1,0,0.1,Fulham,2022/2023,
316,358.0,33.0,2023-04-25,Leeds United,1.5,1,1,2.1,Leicester City,2022/2023,
317,359.0,33.0,2023-04-26,Nott'ham Forest,2.4,3,1,2.3,Brighton,2022/2023,
318,360.0,33.0,2023-04-26,Chelsea,1.3,0,2,1.1,Brentford,2022/2023,
319,361.0,33.0,2023-04-26,West Ham,0.8,1,2,1.9,Liverpool,2022/2023,
320,362.0,33.0,2023-04-26,Manchester City,2.5,4,1,0.5,Arsenal,2022/2023,
321,363.0,33.0,2023-04-27,Everton,0.9,1,4,2.4,Newcastle Utd,2022/2023,
322,364.0,33.0,2023-04-27,Southampton,0.5,0,1,0.9,Bournemouth,2022/2023,
323,365.0,33.0,2023-04-27,Tottenham,2.5,2,2,2.0,Manchester Utd,2022/2023,
324,367.0,34.0,2023-04-29,Crystal Palace,2.1,4,3,1.7,West Ham,2022/2023,
325,368.0,34.0,2023-04-29,Brighton,3.3,6,0,0.8,Wolves,2022/2023,
326,369.0,34.0,2023-04-29,Brentford,1.6,2,1,0.7,Nott'ham Forest,2022/2023,
327,370.0,34.0,2023-04-30,Manchester Utd,1.2,1,0,0.6,Aston Villa,2022/2023,
328,371.0,34.0,2023-04-30,Bournemouth,1.9,4,1,1.6,Leeds United,2022/2023,
329,372.0,34.0,2023-04-30,Newcastle Utd,4.3,3,1,0.8,Southampton,2022/2023,
330,373.0,34.0,2023-04-30,Fulham,0.2,1,2,2.5,Manchester City,2022/2023,
331,374.0,34.0,2023-04-30,Liverpool,2.2,4,3,2.0,Tottenham,2022/2023,
332,375.0,34.0,2023-05-01,Leicester City,3.4,2,2,3.1,Everton,2022/2023,
333,376.0,34.0,2023-05-02,Arsenal,1.7,3,1,0.8,Chelsea,2022/2023,
334,378.0,28.0,2023-05-03,Liverpool,1.8,1,0,0.9,Fulham,2022/2023,
335,379.0,28.0,2023-05-03,Manchester City,2.3,3,0,0.4,West Ham,2022/2023,
336,380.0,28.0,2023-05-04,Brighton,2.3,1,0,1.4,Manchester Utd,2022/2023,
337,382.0,35.0,2023-05-06,Tottenham,0.9,1,0,0.4,Crystal Palace,2022/2023,
338,383.0,35.0,2023-05-06,Wolves,0.8,1,0,1.5,Aston Villa,2022/2023,
339,384.0,35.0,2023-05-06,Bournemouth,1.2,1,3,1.3,Chelsea,2022/2023,
340,385.0,35.0,2023-05-06,Manchester City,2.6,2,1,0.2,Leeds United,2022/2023,
341,386.0,35.0,2023-05-06,Liverpool,2.2,1,0,0.2,Brentford,2022/2023,
342,387.0,35.0,2023-05-07,Newcastle Utd,1.3,0,2,1.3,Arsenal,2022/2023,
343,388.0,35.0,2023-05-07,West Ham,1.3,1,0,1.2,Manchester Utd,2022/2023,
344,389.0,35.0,2023-05-08,Fulham,1.6,5,3,2.8,Leicester City,2022/2023,
345,390.0,35.0,2023-05-08,Brighton,3.2,1,5,2.3,Everton,2022/2023,
346,391.0,35.0,2023-05-08,Nott'ham Forest,1.8,4,3,3.1,Southampton,2022/2023,
347,393.0,36.0,2023-05-13,Leeds United,2.0,2,2,2.3,Newcastle Utd,2022/2023,
348,394.0,36.0,2023-05-13,Aston Villa,1.2,2,1,1.4,Tottenham,2022/2023,
349,395.0,36.0,2023-05-13,Chelsea,1.2,2,2,1.3,Nott'ham Forest,2022/2023,
350,396.0,36.0,2023-05-13,Crystal Palace,1.5,2,0,0.3,Bournemouth,2022/2023,
351,397.0,36.0,2023-05-13,Southampton,0.4,0,2,1.4,Fulham,2022/2023,
352,398.0,36.0,2023-05-13,Manchester Utd,3.2,2,0,0.3,Wolves,2022/2023,
353,399.0,36.0,2023-05-14,Everton,1.6,0,3,0.8,Manchester City,2022/2023,
354,400.0,36.0,2023-05-14,Brentford,3.4,2,0,0.2,West Ham,2022/2023,
355,401.0,36.0,2023-05-14,Arsenal,0.9,0,3,1.7,Brighton,2022/2023,
356,402.0,36.0,2023-05-15,Leicester City,0.4,0,3,2.2,Liverpool,2022/2023,
357,404.0,25.0,2023-05-18,Newcastle Utd,3.6,4,1,0.5,Brighton,2022/2023,
358,406.0,37.0,2023-05-20,Tottenham,1.7,1,3,1.2,Brentford,2022/2023,
359,407.0,37.0,2023-05-20,Liverpool,0.7,1,1,1.3,Aston Villa,2022/2023,
360,408.0,37.0,2023-05-20,Fulham,1.7,2,2,1.6,Crystal Palace,2022/2023,
361,409.0,37.0,2023-05-20,Bournemouth,1.0,0,1,1.4,Manchester Utd,2022/2023,
362,410.0,37.0,2023-05-20,Wolves,1.6,1,1,2.0,Everton,2022/2023,
363,411.0,37.0,2023-05-20,Nott'ham Forest,0.6,1,0,0.6,Arsenal,2022/2023,
364,412.0,37.0,2023-05-21,West Ham,2.1,3,1,0.9,Leeds United,2022/2023,
365,413.0,37.0,2023-05-21,Brighton,2.5,3,1,0.6,Southampton,2022/2023,
366,414.0,37.0,2023-05-21,Manchester City,1.2,1,0,1.2,Chelsea,2022/2023,
367,415.0,37.0,2023-05-22,Newcastle Utd,2.1,0,0,0.1,Leicester City,2022/2023,
368,417.0,32.0,2023-05-24,Brighton,2.2,1,1,1.8,Manchester City,2022/2023,
369,418.0,32.0,2023-05-25,Manchester Utd,5.2,4,1,1.9,Chelsea,2022/2023,
370,420.0,38.0,2023-05-28,Crystal Palace,1.4,1,1,0.5,Nott'ham Forest,2022/2023,
371,421.0,38.0,2023-05-28,Chelsea,2.2,1,1,1.7,Newcastle Utd,2022/2023,
372,422.0,38.0,2023-05-28,Manchester Utd,2.9,2,1,1.8,Fulham,2022/2023,
373,423.0,38.0,2023-05-28,Arsenal,2.8,5,0,0.5,Wolves,2022/2023,
374,424.0,38.0,2023-05-28,Southampton,1.8,4,4,4.0,Liverpool,2022/2023,
375,425.0,38.0,2023-05-28,Everton,1.0,1,0,0.5,Bournemouth,2022/2023,
376,426.0,38.0,2023-05-28,Leicester City,1.4,2,1,1.4,West Ham,2022/2023,
377,427.0,38.0,2023-05-28,Aston Villa,2.8,2,1,1.4,Brighton,2022/2023,
378,428.0,38.0,2023-05-28,Leeds United,1.5,1,4,2.2,Tottenham,2022/2023,
379,429.0,38.0,2023-05-28,Brentford,1.3,1,0,1.6,Manchester City,2022/2023,
0,,1.0,2023-08-11,Burnley,0.3,0,3,1.9,Manchester City,2023/2024,
1,,1.0,2023-08-12,Arsenal,0.8,2,1,1.2,Nott'ham Forest,2023/2024,
2,,1.0,2023-08-12,Everton,2.7,0,1,1.5,Fulham,2023/2024,
3,,1.0,2023-08-12,Sheffield Utd,0.5,0,1,1.9,Crystal Palace,2023/2024,
4,,1.0,2023-08-12,Brighton,4.0,4,1,1.5,Luton Town,2023/2024,
5,,1.0,2023-08-12,Bournemouth,1.3,1,1,1.1,West Ham,2023/2024,
6,,1.0,2023-08-12,Newcastle Utd,3.3,5,1,1.8,Aston Villa,2023/2024,
7,,1.0,2023-08-13,Brentford,2.2,2,2,1.3,Tottenham,2023/2024,
8,,1.0,2023-08-13,Chelsea,1.4,1,1,1.3,Liverpool,2023/2024,
9,,1.0,2023-08-14,Manchester Utd,2.2,1,0,2.2,Wolves,2023/2024,
11,,2.0,2023-08-18,Nott'ham Forest,1.4,2,1,0.5,Sheffield Utd,2023/2024,
12,,2.0,2023-08-19,Fulham,0.5,0,3,3.7,Brentford,2023/2024,
13,,2.0,2023-08-19,Liverpool,3.0,3,1,1.3,Bournemouth,2023/2024,
14,,2.0,2023-08-19,Wolves,2.1,1,4,2.2,Brighton,2023/2024,
15,,2.0,2023-08-19,Tottenham,1.7,2,0,2.1,Manchester Utd,2023/2024,
16,,2.0,2023-08-19,Manchester City,1.0,1,0,0.3,Newcastle Utd,2023/2024,
17,,2.0,2023-08-20,Aston Villa,2.9,4,0,0.6,Everton,2023/2024,
18,,2.0,2023-08-20,West Ham,1.8,3,1,2.5,Chelsea,2023/2024,
19,,2.0,2023-08-21,Crystal Palace,1.0,0,1,2.0,Arsenal,2023/2024,
21,,3.0,2023-08-25,Chelsea,2.2,3,0,0.4,Luton Town,2023/2024,
22,,3.0,2023-08-26,Bournemouth,0.7,0,2,2.1,Tottenham,2023/2024,
23,,3.0,2023-08-26,Everton,1.3,0,1,1.1,Wolves,2023/2024,
24,,3.0,2023-08-26,Brentford,1.0,1,1,0.8,Crystal Palace,2023/2024,
25,,3.0,2023-08-26,Manchester Utd,2.8,3,2,1.2,Nott'ham Forest,2023/2024,
26,,3.0,2023-08-26,Arsenal,3.2,2,2,0.6,Fulham,2023/2024,
27,,3.0,2023-08-26,Brighton,1.5,1,3,3.0,West Ham,2023/2024,
28,,3.0,2023-08-27,Sheffield Utd,0.7,1,2,3.5,Manchester City,2023/2024,
29,,3.0,2023-08-27,Burnley,0.7,1,3,2.5,Aston Villa,2023/2024,
30,,3.0,2023-08-27,Newcastle Utd,2.0,1,2,0.9,Liverpool,2023/2024,
32,,4.0,2023-09-01,Luton Town,1.4,1,2,1.0,West Ham,2023/2024,
33,,4.0,2023-09-02,Sheffield Utd,1.2,2,2,2.5,Everton,2023/2024,
34,,4.0,2023-09-02,Chelsea,2.3,0,1,0.8,Nott'ham Forest,2023/2024,
35,,4.0,2023-09-02,Manchester City,2.2,5,1,1.4,Fulham,2023/2024,
36,,4.0,2023-09-02,Brentford,2.9,2,2,2.1,Bournemouth,2023/2024,
37,,4.0,2023-09-02,Burnley,1.3,2,5,2.2,Tottenham,2023/2024,
38,,4.0,2023-09-02,Brighton,1.3,3,1,1.2,Newcastle Utd,2023/2024,
39,,4.0,2023-09-03,Liverpool,2.5,3,0,0.7,Aston Villa,2023/2024,
40,,4.0,2023-09-03,Crystal Palace,2.1,3,2,1.2,Wolves,2023/2024,
41,,4.0,2023-09-03,Arsenal,2.3,3,1,0.9,Manchester Utd,2023/2024,
43,,5.0,2023-09-16,Wolves,0.6,1,3,2.5,Liverpool,2023/2024,
44,,5.0,2023-09-16,Fulham,1.0,1,0,1.1,Luton Town,2023/2024,
45,,5.0,2023-09-16,West Ham,0.9,1,3,3.6,Manchester City,2023/2024,
46,,5.0,2023-09-16,Aston Villa,3.0,3,1,1.2,Crystal Palace,2023/2024,
47,,5.0,2023-09-16,Manchester Utd,1.0,1,3,1.7,Brighton,2023/2024,
48,,5.0,2023-09-16,Tottenham,2.1,2,1,0.7,Sheffield Utd,2023/2024,
49,,5.0,2023-09-16,Newcastle Utd,1.4,1,0,0.5,Brentford,2023/2024,
50,,5.0,2023-09-17,Bournemouth,1.0,0,0,1.8,Chelsea,2023/2024,
51,,5.0,2023-09-17,Everton,0.3,0,1,1.0,Arsenal,2023/2024,
52,,5.0,2023-09-18,Nott'ham Forest,0.7,1,1,0.5,Burnley,2023/2024,
54,,6.0,2023-09-23,Manchester City,1.3,2,0,1.0,Nott'ham Forest,2023/2024,
55,,6.0,2023-09-23,Luton Town,2.1,1,1,0.6,Wolves,2023/2024,
56,,6.0,2023-09-23,Crystal Palace,0.3,0,0,0.6,Fulham,2023/2024,
57,,6.0,2023-09-23,Brentford,1.0,1,3,1.9,Everton,2023/2024,
58,,6.0,2023-09-23,Burnley,1.1,0,1,1.0,Manchester Utd,2023/2024,
59,,6.0,2023-09-24,Arsenal,1.8,2,2,1.4,Tottenham,2023/2024,
60,,6.0,2023-09-24,Brighton,1.9,3,1,1.1,Bournemouth,2023/2024,
61,,6.0,2023-09-24,Chelsea,1.3,0,1,1.0,Aston Villa,2023/2024,
62,,6.0,2023-09-24,Liverpool,3.0,3,1,1.1,West Ham,2023/2024,
63,,6.0,2023-09-24,Sheffield Utd,0.9,0,8,3.9,Newcastle Utd,2023/2024,
65,,7.0,2023-09-30,Aston Villa,1.6,6,1,1.7,Brighton,2023/2024,
66,,7.0,2023-09-30,Wolves,0.4,2,1,0.9,Manchester City,2023/2024,
67,,7.0,2023-09-30,Bournemouth,0.6,0,4,3.4,Arsenal,2023/2024,
68,,7.0,2023-09-30,Everton,2.9,1,2,0.9,Luton Town,2023/2024,
69,,7.0,2023-09-30,Newcastle Utd,3.1,2,0,0.6,Burnley,2023/2024,
70,,7.0,2023-09-30,West Ham,2.1,2,0,1.1,Sheffield Utd,2023/2024,
71,,7.0,2023-09-30,Manchester Utd,1.3,0,1,0.9,Crystal Palace,2023/2024,
72,,7.0,2023-09-30,Tottenham,2.2,2,1,1.3,Liverpool,2023/2024,
73,,7.0,2023-10-01,Nott'ham Forest,0.5,1,1,1.6,Brentford,2023/2024,
74,,7.0,2023-10-02,Fulham,1.1,0,2,1.7,Chelsea,2023/2024,
76,,2.0,2023-10-03,Luton Town,1.3,1,2,1.1,Burnley,2023/2024,
78,,8.0,2023-10-07,Luton Town,0.8,0,1,1.9,Tottenham,2023/2024,
79,,8.0,2023-10-07,Everton,2.4,3,0,0.7,Bournemouth,2023/2024,
80,,8.0,2023-10-07,Manchester Utd,1.4,2,1,0.9,Brentford,2023/2024,
81,,8.0,2023-10-07,Burnley,0.7,1,4,1.9,Chelsea,2023/2024,
82,,8.0,2023-10-07,Fulham,2.2,3,1,0.6,Sheffield Utd,2023/2024,
83,,8.0,2023-10-07,Crystal Palace,0.8,0,0,1.0,Nott'ham Forest,2023/2024,
84,,8.0,2023-10-08,West Ham,1.2,2,2,2.0,Newcastle Utd,2023/2024,
85,,8.0,2023-10-08,Wolves,1.7,1,1,1.6,Aston Villa,2023/2024,
86,,8.0,2023-10-08,Brighton,2.3,2,2,2.3,Liverpool,2023/2024,
87,,8.0,2023-10-08,Arsenal,0.4,1,0,0.5,Manchester City,2023/2024,
89,,9.0,2023-10-21,Liverpool,2.2,2,0,0.1,Everton,2023/2024,
90,,9.0,2023-10-21,Bournemouth,0.6,1,2,2.4,Wolves,2023/2024,
91,,9.0,2023-10-21,Newcastle Utd,2.4,4,0,1.2,Crystal Palace,2023/2024,
92,,9.0,2023-10-21,Brentford,3.1,3,0,1.1,Burnley,2023/2024,
93,,9.0,2023-10-21,Manchester City,0.8,2,1,0.8,Brighton,2023/2024,
94,,9.0,2023-10-21,Nott'ham Forest,2.9,2,2,1.7,Luton Town,2023/2024,
95,,9.0,2023-10-21,Chelsea,1.3,2,2,1.0,Arsenal,2023/2024,
96,,9.0,2023-10-21,Sheffield Utd,1.4,1,2,1.1,Manchester Utd,2023/2024,
97,,9.0,2023-10-22,Aston Villa,1.9,4,1,1.1,West Ham,2023/2024,
98,,9.0,2023-10-23,Tottenham,1.5,2,0,1.0,Fulham,2023/2024,
100,,10.0,2023-10-27,Crystal Palace,0.6,1,2,1.1,Tottenham,2023/2024,
101,,10.0,2023-10-28,Chelsea,1.9,0,2,2.2,Brentford,2023/2024,
102,,10.0,2023-10-28,Bournemouth,1.1,2,1,0.8,Burnley,2023/2024,
103,,10.0,2023-10-28,Arsenal,2.8,5,0,0.0,Sheffield Utd,2023/2024,
104,,10.0,2023-10-28,Wolves,0.9,2,2,2.2,Newcastle Utd,2023/2024,
105,,10.0,2023-10-29,West Ham,0.7,0,1,0.8,Everton,2023/2024,
106,,10.0,2023-10-29,Liverpool,3.2,3,0,0.4,Nott'ham Forest,2023/2024,
107,,10.0,2023-10-29,Brighton,1.4,1,1,0.7,Fulham,2023/2024,
108,,10.0,2023-10-29,Aston Villa,2.3,3,1,0.5,Luton Town,2023/2024,
109,,10.0,2023-10-29,Manchester Utd,0.9,0,3,4.0,Manchester City,2023/2024,
111,,11.0,2023-11-04,Fulham,1.0,0,1,0.7,Manchester Utd,2023/2024,
112,,11.0,2023-11-04,Brentford,1.5,3,2,1.8,West Ham,2023/2024,
113,,11.0,2023-11-04,Everton,0.7,1,1,0.5,Brighton,2023/2024,
114,,11.0,2023-11-04,Burnley,1.1,0,2,1.3,Crystal Palace,2023/2024,
115,,11.0,2023-11-04,Manchester City,1.9,6,1,0.9,Bournemouth,2023/2024,
116,,11.0,2023-11-04,Sheffield Utd,1.0,2,1,1.2,Wolves,2023/2024,
117,,11.0,2023-11-04,Newcastle Utd,1.0,1,0,0.6,Arsenal,2023/2024,
118,,11.0,2023-11-05,Nott'ham Forest,0.4,2,0,1.2,Aston Villa,2023/2024,
119,,11.0,2023-11-05,Luton Town,0.8,1,1,2.6,Liverpool,2023/2024,
120,,11.0,2023-11-06,Tottenham,0.9,1,4,4.1,Chelsea,2023/2024,
122,,12.0,2023-11-11,Wolves,2.1,2,1,0.7,Tottenham,2023/2024,
123,,12.0,2023-11-11,Arsenal,1.8,3,1,0.3,Burnley,2023/2024,
124,,12.0,2023-11-11,Manchester Utd,2.2,1,0,0.4,Luton Town,2023/2024,
125,,12.0,2023-11-11,Crystal Palace,2.2,2,3,1.5,Everton,2023/2024,
126,,12.0,2023-11-11,Bournemouth,2.4,2,0,0.5,Newcastle Utd,2023/2024,
127,,12.0,2023-11-12,West Ham,1.8,3,2,1.7,Nott'ham Forest,2023/2024,
128,,12.0,2023-11-12,Liverpool,1.7,3,0,1.6,Brentford,2023/2024,
129,,12.0,2023-11-12,Aston Villa,3.0,3,1,0.9,Fulham,2023/2024,
130,,12.0,2023-11-12,Brighton,1.5,1,1,1.1,Sheffield Utd,2023/2024,
131,,12.0,2023-11-12,Chelsea,2.9,4,4,2.9,Manchester City,2023/2024,
133,,13.0,2023-11-25,Manchester City,1.3,1,1,0.6,Liverpool,2023/2024,
134,,13.0,2023-11-25,Burnley,1.3,1,2,0.9,West Ham,2023/2024,
135,,13.0,2023-11-25,Nott'ham Forest,1.9,2,3,1.3,Brighton,2023/2024,
136,,13.0,2023-11-25,Sheffield Utd,0.8,1,3,2.9,Bournemouth,2023/2024,
137,,13.0,2023-11-25,Newcastle Utd,2.4,4,1,0.5,Chelsea,2023/2024,
138,,13.0,2023-11-25,Luton Town,0.9,2,1,1.6,Crystal Palace,2023/2024,
139,,13.0,2023-11-25,Brentford,1.1,0,1,1.6,Arsenal,2023/2024,
140,,13.0,2023-11-26,Tottenham,2.3,1,2,1.7,Aston Villa,2023/2024,
141,,13.0,2023-11-26,Everton,2.4,0,3,2.2,Manchester Utd,2023/2024,
142,,13.0,2023-11-27,Fulham,2.9,3,2,1.4,Wolves,2023/2024,
144,,14.0,2023-12-02,Brentford,3.1,3,1,0.2,Luton Town,2023/2024,
145,,14.0,2023-12-02,Arsenal,2.8,2,1,0.7,Wolves,2023/2024,
146,,14.0,2023-12-02,Burnley,1.8,5,0,0.4,Sheffield Utd,2023/2024,
147,,14.0,2023-12-02,Nott'ham Forest,0.7,0,1,0.7,Everton,2023/2024,
148,,14.0,2023-12-02,Newcastle Utd,2.4,1,0,0.5,Manchester Utd,2023/2024,
149,,14.0,2023-12-03,Bournemouth,2.0,2,2,0.7,Aston Villa,2023/2024,
150,,14.0,2023-12-03,Liverpool,2.1,4,3,1.2,Fulham,2023/2024,
151,,14.0,2023-12-03,Chelsea,2.1,3,2,1.1,Brighton,2023/2024,
152,,14.0,2023-12-03,West Ham,1.1,1,1,0.9,Crystal Palace,2023/2024,
153,,14.0,2023-12-03,Manchester City,2.6,3,3,0.5,Tottenham,2023/2024,
155,,15.0,2023-12-05,Wolves,0.8,1,0,0.9,Burnley,2023/2024,
156,,15.0,2023-12-05,Luton Town,0.5,3,4,2.2,Arsenal,2023/2024,
157,,15.0,2023-12-06,Sheffield Utd,1.0,0,2,1.7,Liverpool,2023/2024,
158,,15.0,2023-12-06,Crystal Palace,1.0,0,2,1.8,Bournemouth,2023/2024,
159,,15.0,2023-12-06,Brighton,1.5,2,1,1.5,Brentford,2023/2024,
160,,15.0,2023-12-06,Fulham,2.5,5,0,0.3,Nott'ham Forest,2023/2024,
161,,15.0,2023-12-06,Aston Villa,2.3,1,0,0.6,Manchester City,2023/2024,
162,,15.0,2023-12-06,Manchester Utd,4.1,2,1,1.5,Chelsea,2023/2024,
163,,15.0,2023-12-07,Everton,3.3,3,0,1.5,Newcastle Utd,2023/2024,
164,,15.0,2023-12-07,Tottenham,1.8,1,2,2.2,West Ham,2023/2024,
166,,16.0,2023-12-09,Crystal Palace,1.7,1,2,1.2,Liverpool,2023/2024,
167,,16.0,2023-12-09,Manchester Utd,1.1,0,3,1.5,Bournemouth,2023/2024,
168,,16.0,2023-12-09,Wolves,1.2,1,1,1.3,Nott'ham Forest,2023/2024,
169,,16.0,2023-12-09,Brighton,2.6,1,1,0.6,Burnley,2023/2024,
170,,16.0,2023-12-09,Sheffield Utd,0.8,1,0,0.6,Brentford,2023/2024,
171,,16.0,2023-12-09,Aston Villa,0.6,1,0,1.4,Arsenal,2023/2024,
172,,16.0,2023-12-10,Everton,1.2,2,0,0.9,Chelsea,2023/2024,
173,,16.0,2023-12-10,Fulham,2.3,5,0,1.3,West Ham,2023/2024,
174,,16.0,2023-12-10,Luton Town,0.3,1,2,1.6,Manchester City,2023/2024,
175,,16.0,2023-12-10,Tottenham,3.8,4,1,1.7,Newcastle Utd,2023/2024,
177,,17.0,2023-12-15,Nott'ham Forest,1.3,0,2,1.5,Tottenham,2023/2024,
178,,17.0,2023-12-16,Manchester City,1.6,2,2,1.8,Crystal Palace,2023/2024,
179,,17.0,2023-12-16,Chelsea,3.1,2,0,0.4,Sheffield Utd,2023/2024,
180,,17.0,2023-12-16,Newcastle Utd,3.5,3,0,0.3,Fulham,2023/2024,
181,,17.0,2023-12-16,Burnley,0.7,0,2,1.4,Everton,2023/2024,
182,,17.0,2023-12-17,Brentford,0.5,1,2,1.4,Aston Villa,2023/2024,
183,,17.0,2023-12-17,West Ham,1.1,3,0,0.7,Wolves,2023/2024,
184,,17.0,2023-12-17,Arsenal,2.3,2,0,0.7,Brighton,2023/2024,
185,,17.0,2023-12-17,Liverpool,2.3,0,0,0.8,Manchester Utd,2023/2024,
187,,18.0,2023-12-21,Crystal Palace,1.3,1,1,1.2,Brighton,2023/2024,
188,,18.0,2023-12-22,Aston Villa,0.9,1,1,0.6,Sheffield Utd,2023/2024,
189,,18.0,2023-12-23,West Ham,1.2,2,0,1.0,Manchester Utd,2023/2024,
190,,18.0,2023-12-23,Luton Town,1.4,1,0,1.4,Newcastle Utd,2023/2024,
191,,18.0,2023-12-23,Fulham,1.3,0,2,0.4,Burnley,2023/2024,
192,,18.0,2023-12-23,Tottenham,1.5,2,1,1.8,Everton,2023/2024,
193,,18.0,2023-12-23,Nott'ham Forest,1.0,2,3,1.6,Bournemouth,2023/2024,
194,,18.0,2023-12-23,Liverpool,1.0,1,1,0.7,Arsenal,2023/2024,
195,,18.0,2023-12-24,Wolves,1.3,2,1,2.0,Chelsea,2023/2024,
197,,19.0,2023-12-26,Newcastle Utd,2.4,1,3,3.5,Nott'ham Forest,2023/2024,
198,,19.0,2023-12-26,Bournemouth,1.8,3,0,0.3,Fulham,2023/2024,
199,,19.0,2023-12-26,Sheffield Utd,2.4,2,3,0.6,Luton Town,2023/2024,
200,,19.0,2023-12-26,Burnley,0.8,0,2,1.8,Liverpool,2023/2024,
201,,19.0,2023-12-26,Manchester Utd,1.1,3,2,1.7,Aston Villa,2023/2024,
202,,19.0,2023-12-27,Chelsea,2.6,2,1,1.1,Crystal Palace,2023/2024,
203,,19.0,2023-12-27,Brentford,2.2,1,4,2.4,Wolves,2023/2024,
204,,19.0,2023-12-27,Everton,1.0,1,3,2.4,Manchester City,2023/2024,
205,,19.0,2023-12-28,Brighton,3.2,4,2,2.3,Tottenham,2023/2024,
206,,19.0,2023-12-28,Arsenal,2.7,0,2,1.4,West Ham,2023/2024,
208,,20.0,2023-12-30,Luton Town,2.3,2,3,1.5,Chelsea,2023/2024,
209,,20.0,2023-12-30,Aston Villa,3.2,3,2,1.2,Burnley,2023/2024,
210,,20.0,2023-12-30,Wolves,1.9,3,0,0.4,Everton,2023/2024,
211,,20.0,2023-12-30,Manchester City,2.2,2,0,0.3,Sheffield Utd,2023/2024,
212,,20.0,2023-12-30,Crystal Palace,1.0,3,1,1.4,Brentford,2023/2024,
213,,20.0,2023-12-30,Nott'ham Forest,0.7,2,1,0.8,Manchester Utd,2023/2024,
214,,20.0,2023-12-31,Tottenham,2.3,3,1,1.7,Bournemouth,2023/2024,
215,,20.0,2023-12-31,Fulham,1.2,2,1,1.6,Arsenal,2023/2024,
216,,20.0,2024-01-01,Liverpool,7.0,4,2,0.6,Newcastle Utd,2023/2024,
217,,20.0,2024-01-02,West Ham,0.7,0,0,2.3,Brighton,2023/2024,
219,,21.0,2024-01-12,Burnley,1.1,1,1,0.9,Luton Town,2023/2024,
220,,21.0,2024-01-13,Chelsea,2.2,1,0,0.8,Fulham,2023/2024,
221,,21.0,2024-01-13,Newcastle Utd,1.3,2,3,3.0,Manchester City,2023/2024,
222,,21.0,2024-01-14,Everton,1.1,0,0,1.2,Aston Villa,2023/2024,
223,,21.0,2024-01-14,Manchester Utd,0.8,2,2,1.2,Tottenham,2023/2024,
224,,21.0,2024-01-20,Arsenal,3.3,5,0,0.3,Crystal Palace,2023/2024,
225,,21.0,2024-01-20,Brentford,1.2,3,2,1.2,Nott'ham Forest,2023/2024,
226,,21.0,2024-01-21,Sheffield Utd,2.5,2,2,2.3,West Ham,2023/2024,
227,,21.0,2024-01-21,Bournemouth,1.4,0,4,1.5,Liverpool,2023/2024,
228,,21.0,2024-01-22,Brighton,1.0,0,0,1.1,Wolves,2023/2024,
230,,22.0,2024-01-30,Nott'ham Forest,0.5,1,2,1.2,Arsenal,2023/2024,
231,,22.0,2024-01-30,Fulham,1.6,0,0,1.9,Everton,2023/2024,
232,,22.0,2024-01-30,Luton Town,3.1,4,0,0.9,Brighton,2023/2024,
233,,22.0,2024-01-30,Crystal Palace,1.1,3,2,0.8,Sheffield Utd,2023/2024,
234,,22.0,2024-01-30,Aston Villa,1.4,1,3,2.6,Newcastle Utd,2023/2024,
235,,22.0,2024-01-31,Tottenham,2.9,3,2,1.6,Brentford,2023/2024,
236,,22.0,2024-01-31,Manchester City,1.7,3,1,1.4,Burnley,2023/2024,
237,,22.0,2024-01-31,Liverpool,2.9,4,1,0.6,Chelsea,2023/2024,
238,,22.0,2024-02-01,West Ham,1.4,1,1,1.2,Bournemouth,2023/2024,
239,,22.0,2024-02-01,Wolves,2.1,3,4,3.3,Manchester Utd,2023/2024,
241,,23.0,2024-02-03,Everton,2.6,2,2,1.0,Tottenham,2023/2024,
242,,23.0,2024-02-03,Newcastle Utd,2.3,4,4,2.4,Luton Town,2023/2024,
243,,23.0,2024-02-03,Brighton,1.4,4,1,0.3,Crystal Palace,2023/2024,
244,,23.0,2024-02-03,Burnley,1.8,2,2,1.5,Fulham,2023/2024,
245,,23.0,2024-02-03,Sheffield Utd,1.4,0,5,2.2,Aston Villa,2023/2024,
246,,23.0,2024-02-04,Bournemouth,1.3,1,1,0.5,Nott'ham Forest,2023/2024,
247,,23.0,2024-02-04,Manchester Utd,0.7,3,0,1.4,West Ham,2023/2024,
248,,23.0,2024-02-04,Chelsea,1.7,2,4,2.0,Wolves,2023/2024,
249,,23.0,2024-02-04,Arsenal,3.5,3,1,0.4,Liverpool,2023/2024,
250,,23.0,2024-02-05,Brentford,1.0,1,3,2.1,Manchester City,2023/2024,
252,,24.0,2024-02-10,Manchester City,1.6,2,0,0.3,Everton,2023/2024,
253,,24.0,2024-02-10,Luton Town,1.8,1,3,1.7,Sheffield Utd,2023/2024,
254,,24.0,2024-02-10,Liverpool,2.8,3,1,1.3,Burnley,2023/2024,
255,,24.0,2024-02-10,Wolves,1.0,0,2,1.9,Brentford,2023/2024,
256,,24.0,2024-02-10,Fulham,1.6,3,1,1.8,Bournemouth,2023/2024,
257,,24.0,2024-02-10,Tottenham,1.6,2,1,1.2,Brighton,2023/2024,
258,,24.0,2024-02-10,Nott'ham Forest,1.5,2,3,0.5,Newcastle Utd,2023/2024,
259,,24.0,2024-02-11,West Ham,0.2,0,6,3.6,Arsenal,2023/2024,
260,,24.0,2024-02-11,Aston Villa,2.4,1,2,1.8,Manchester Utd,2023/2024,
261,,24.0,2024-02-12,Crystal Palace,0.6,1,3,1.4,Chelsea,2023/2024,
263,,25.0,2024-02-17,Brentford,1.6,1,4,2.8,Liverpool,2023/2024,
264,,25.0,2024-02-17,Newcastle Utd,2.2,2,2,2.2,Bournemouth,2023/2024,
265,,25.0,2024-02-17,Tottenham,1.6,1,2,1.8,Wolves,2023/2024,
266,,25.0,2024-02-17,Burnley,0.3,0,5,2.3,Arsenal,2023/2024,
267,,25.0,2024-02-17,Fulham,1.5,1,2,1.5,Aston Villa,2023/2024,
268,,25.0,2024-02-17,Nott'ham Forest,2.8,2,0,0.5,West Ham,2023/2024,
269,,25.0,2024-02-17,Manchester City,2.6,1,1,1.4,Chelsea,2023/2024,
270,,25.0,2024-02-18,Sheffield Utd,0.6,0,5,2.9,Brighton,2023/2024,
271,,25.0,2024-02-18,Luton Town,1.8,1,2,2.9,Manchester Utd,2023/2024,
272,,25.0,2024-02-19,Everton,1.7,1,1,0.7,Crystal Palace,2023/2024,
274,,18.0,2024-02-20,Manchester City,2.3,1,0,0.4,Brentford,2023/2024,
276,,26.0,2024-02-21,Liverpool,3.3,4,1,0.9,Luton Town,2023/2024,
277,,26.0,2024-02-24,Manchester Utd,1.7,1,2,1.2,Fulham,2023/2024,
278,,26.0,2024-02-24,Crystal Palace,2.4,3,0,0.1,Burnley,2023/2024,
279,,26.0,2024-02-24,Brighton,1.4,1,1,0.3,Everton,2023/2024,
280,,26.0,2024-02-24,Aston Villa,3.6,4,2,2.6,Nott'ham Forest,2023/2024,
281,,26.0,2024-02-24,Bournemouth,0.9,0,1,1.6,Manchester City,2023/2024,
282,,26.0,2024-02-24,Arsenal,2.8,4,1,0.2,Newcastle Utd,2023/2024,
283,,26.0,2024-02-25,Wolves,1.3,1,0,0.6,Sheffield Utd,2023/2024,
284,,26.0,2024-02-26,West Ham,1.7,4,2,0.9,Brentford,2023/2024,
286,,27.0,2024-03-02,Fulham,1.3,3,0,1.3,Brighton,2023/2024,
287,,27.0,2024-03-02,Tottenham,1.9,3,1,0.3,Crystal Palace,2023/2024,
288,,27.0,2024-03-02,Brentford,1.8,2,2,1.8,Chelsea,2023/2024,
289,,27.0,2024-03-02,Newcastle Utd,2.1,3,0,0.8,Wolves,2023/2024,
290,,27.0,2024-03-02,Nott'ham Forest,1.0,0,1,2.0,Liverpool,2023/2024,
291,,27.0,2024-03-02,Everton,2.7,1,3,1.9,West Ham,2023/2024,
292,,27.0,2024-03-02,Luton Town,1.8,2,3,1.9,Aston Villa,2023/2024,
293,,27.0,2024-03-03,Burnley,1.5,0,2,1.1,Bournemouth,2023/2024,
294,,27.0,2024-03-03,Manchester City,3.3,3,1,0.2,Manchester Utd,2023/2024,
295,,27.0,2024-03-04,Sheffield Utd,0.2,0,6,2.3,Arsenal,2023/2024,
297,,28.0,2024-03-09,Manchester Utd,2.7,2,0,1.6,Everton,2023/2024,
298,,28.0,2024-03-09,Bournemouth,3.3,2,2,1.2,Sheffield Utd,2023/2024,
299,,28.0,2024-03-09,Wolves,0.8,2,1,2.6,Fulham,2023/2024,
300,,28.0,2024-03-09,Crystal Palace,2.7,1,1,0.8,Luton Town,2023/2024,
301,,28.0,2024-03-09,Arsenal,1.3,2,1,1.0,Brentford,2023/2024,
302,,28.0,2024-03-10,Aston Villa,0.8,0,4,1.5,Tottenham,2023/2024,
303,,28.0,2024-03-10,West Ham,2.1,2,2,0.7,Burnley,2023/2024,
304,,28.0,2024-03-10,Brighton,0.4,1,0,0.7,Nott'ham Forest,2023/2024,
305,,28.0,2024-03-10,Liverpool,2.7,1,1,1.6,Manchester City,2023/2024,
306,,28.0,2024-03-11,Chelsea,1.6,3,2,0.7,Newcastle Utd,2023/2024,
308,,17.0,2024-03-13,Bournemouth,2.3,4,3,2.0,Luton Town,2023/2024,
310,,29.0,2024-03-16,Luton Town,0.6,1,1,2.0,Nott'ham Forest,2023/2024,
311,,29.0,2024-03-16,Burnley,2.8,2,1,1.1,Brentford,2023/2024,
312,,29.0,2024-03-16,Fulham,2.6,3,0,2.4,Tottenham,2023/2024,
313,,29.0,2024-03-17,West Ham,2.0,1,1,0.7,Aston Villa,2023/2024,
315,,30.0,2024-03-30,Newcastle Utd,4.1,4,3,1.4,West Ham,2023/2024,
316,,30.0,2024-03-30,Bournemouth,1.3,2,1,1.0,Everton,2023/2024,
317,,30.0,2024-03-30,Tottenham,2.9,2,1,0.5,Luton Town,2023/2024,
318,,30.0,2024-03-30,Nott'ham Forest,0.9,1,1,1.2,Crystal Palace,2023/2024,
319,,30.0,2024-03-30,Sheffield Utd,1.9,3,3,1.3,Fulham,2023/2024,
320,,30.0,2024-03-30,Chelsea,4.2,2,2,1.6,Burnley,2023/2024,
321,,30.0,2024-03-30,Aston Villa,1.0,2,0,1.5,Wolves,2023/2024,
322,,30.0,2024-03-30,Brentford,3.2,1,1,0.6,Manchester Utd,2023/2024,
323,,30.0,2024-03-31,Liverpool,2.8,2,1,0.5,Brighton,2023/2024,
324,,30.0,2024-03-31,Manchester City,1.0,0,0,0.7,Arsenal,2023/2024,
326,,31.0,2024-04-02,Newcastle Utd,2.4,1,1,1.4,Everton,2023/2024,
327,,31.0,2024-04-02,Nott'ham Forest,1.5,3,1,1.5,Fulham,2023/2024,
328,,31.0,2024-04-02,Bournemouth,1.1,1,0,0.2,Crystal Palace,2023/2024,
329,,31.0,2024-04-02,Burnley,1.3,1,1,0.9,Wolves,2023/2024,
330,,31.0,2024-04-02,West Ham,1.5,1,1,1.0,Tottenham,2023/2024,
331,,31.0,2024-04-03,Arsenal,0.7,2,0,0.3,Luton Town,2023/2024,
332,,31.0,2024-04-03,Brentford,0.6,0,0,1.1,Brighton,2023/2024,
333,,31.0,2024-04-03,Manchester City,3.4,4,1,0.8,Aston Villa,2023/2024,
334,,31.0,2024-04-04,Liverpool,1.8,3,1,0.6,Sheffield Utd,2023/2024,
335,,31.0,2024-04-04,Chelsea,3.0,4,3,1.5,Manchester Utd,2023/2024,
337,,32.0,2024-04-06,Crystal Palace,1.1,2,4,1.9,Manchester City,2023/2024,
338,,32.0,2024-04-06,Luton Town,1.5,2,1,0.4,Bournemouth,2023/2024,
339,,32.0,2024-04-06,Wolves,1.5,1,2,1.2,West Ham,2023/2024,
340,,32.0,2024-04-06,Fulham,1.2,0,1,1.0,Newcastle Utd,2023/2024,
341,,32.0,2024-04-06,Everton,0.9,1,0,0.5,Burnley,2023/2024,
342,,32.0,2024-04-06,Aston Villa,1.5,3,3,1.5,Brentford,2023/2024,
343,,32.0,2024-04-06,Brighton,0.5,0,3,3.4,Arsenal,2023/2024,
344,,32.0,2024-04-07,Manchester Utd,0.7,2,2,3.6,Liverpool,2023/2024,
345,,32.0,2024-04-07,Sheffield Utd,1.4,2,2,0.3,Chelsea,2023/2024,
346,,32.0,2024-04-07,Tottenham,1.5,3,1,1.5,Nott'ham Forest,2023/2024,
348,,33.0,2024-04-13,Newcastle Utd,2.8,4,0,0.8,Tottenham,2023/2024,
349,,33.0,2024-04-13,Manchester City,4.2,5,1,0.5,Luton Town,2023/2024,
350,,33.0,2024-04-13,Nott'ham Forest,1.9,2,2,1.0,Wolves,2023/2024,
351,,33.0,2024-04-13,Brentford,1.0,2,0,0.8,Sheffield Utd,2023/2024,
352,,33.0,2024-04-13,Burnley,1.7,1,1,0.9,Brighton,2023/2024,
353,,33.0,2024-04-13,Bournemouth,1.6,2,2,1.2,Manchester Utd,2023/2024,
354,,33.0,2024-04-14,Liverpool,2.7,0,1,2.0,Crystal Palace,2023/2024,
355,,33.0,2024-04-14,West Ham,0.9,0,2,3.2,Fulham,2023/2024,
356,,33.0,2024-04-14,Arsenal,1.6,0,2,0.9,Aston Villa,2023/2024,
357,,33.0,2024-04-15,Chelsea,3.1,6,0,1.5,Everton,2023/2024,
359,,34.0,2024-04-20,Luton Town,0.6,1,5,3.1,Brentford,2023/2024,
360,,34.0,2024-04-20,Sheffield Utd,2.4,1,4,2.2,Burnley,2023/2024,
361,,34.0,2024-04-20,Wolves,0.2,0,2,1.2,Arsenal,2023/2024,
362,,34.0,2024-04-21,Everton,0.3,2,0,0.9,Nott'ham Forest,2023/2024,
363,,34.0,2024-04-21,Aston Villa,2.4,3,1,1.8,Bournemouth,2023/2024,
364,,34.0,2024-04-21,Crystal Palace,2.4,5,2,1.3,West Ham,2023/2024,
365,,34.0,2024-04-21,Fulham,0.8,1,3,1.0,Liverpool,2023/2024,
367,,29.0,2024-04-23,Arsenal,3.3,5,0,1.6,Chelsea,2023/2024,
368,,29.0,2024-04-24,Wolves,0.5,0,1,1.9,Bournemouth,2023/2024,
369,,29.0,2024-04-24,Manchester Utd,2.9,4,2,0.8,Sheffield Utd,2023/2024,
370,,29.0,2024-04-24,Everton,1.2,2,0,2.1,Liverpool,2023/2024,
371,,29.0,2024-04-24,Crystal Palace,0.9,2,0,0.4,Newcastle Utd,2023/2024,
372,,29.0,2024-04-25,Brighton,0.6,0,4,1.4,Manchester City,2023/2024,
374,,35.0,2024-04-27,West Ham,0.7,2,2,1.7,Liverpool,2023/2024,
375,,35.0,2024-04-27,Wolves,1.2,2,1,0.6,Luton Town,2023/2024,
376,,35.0,2024-04-27,Fulham,1.1,1,1,1.0,Crystal Palace,2023/2024,
377,,35.0,2024-04-27,Manchester Utd,2.7,1,1,2.1,Burnley,2023/2024,
378,,35.0,2024-04-27,Newcastle Utd,3.1,5,1,1.5,Sheffield Utd,2023/2024,
379,,35.0,2024-04-27,Everton,0.8,1,0,0.9,Brentford,2023/2024,
380,,35.0,2024-04-27,Aston Villa,1.1,2,2,1.6,Chelsea,2023/2024,
381,,35.0,2024-04-28,Tottenham,2.3,2,3,1.0,Arsenal,2023/2024,
382,,35.0,2024-04-28,Bournemouth,1.9,3,0,0.9,Brighton,2023/2024,
383,,35.0,2024-04-28,Nott'ham Forest,1.9,0,2,0.9,Manchester City,2023/2024,
385,,26.0,2024-05-02,Chelsea,2.2,2,0,1.6,Tottenham,2023/2024,
387,,36.0,2024-05-03,Luton Town,0.8,1,1,1.4,Everton,2023/2024,
388,,36.0,2024-05-04,Arsenal,3.3,3,0,0.5,Bournemouth,2023/2024,
389,,36.0,2024-05-04,Burnley,1.0,1,4,3.4,Newcastle Utd,2023/2024,
390,,36.0,2024-05-04,Sheffield Utd,2.2,1,3,1.5,Nott'ham Forest,2023/2024,
391,,36.0,2024-05-04,Brentford,0.6,0,0,1.3,Fulham,2023/2024,
392,,36.0,2024-05-04,Manchester City,3.7,5,1,0.3,Wolves,2023/2024,
393,,36.0,2024-05-05,Brighton,2.5,1,0,0.1,Aston Villa,2023/2024,
394,,36.0,2024-05-05,Chelsea,4.1,5,0,0.9,West Ham,2023/2024,
395,,36.0,2024-05-05,Liverpool,3.3,4,2,1.2,Tottenham,2023/2024,
396,,36.0,2024-05-06,Crystal Palace,1.7,4,0,0.4,Manchester Utd,2023/2024,
398,,37.0,2024-05-11,Fulham,0.1,0,4,3.2,Manchester City,2023/2024,
399,,37.0,2024-05-11,Wolves,1.6,1,3,2.6,Crystal Palace,2023/2024,
400,,37.0,2024-05-11,West Ham,3.2,3,1,0.3,Luton Town,2023/2024,
401,,37.0,2024-05-11,Tottenham,2.7,2,1,0.7,Burnley,2023/2024,
402,,37.0,2024-05-11,Everton,2.3,1,0,0.6,Sheffield Utd,2023/2024,
403,,37.0,2024-05-11,Newcastle Utd,2.2,1,1,1.4,Brighton,2023/2024,
404,,37.0,2024-05-11,Bournemouth,0.7,1,2,1.1,Brentford,2023/2024,
405,,37.0,2024-05-11,Nott'ham Forest,1.5,2,3,1.6,Chelsea,2023/2024,
406,,37.0,2024-05-12,Manchester Utd,0.5,0,1,1.5,Arsenal,2023/2024,
407,,37.0,2024-05-13,Aston Villa,3.1,3,3,1.7,Liverpool,2023/2024,
409,,34.0,2024-05-14,Tottenham,1.7,0,2,2.4,Manchester City,2023/2024,
410,,34.0,2024-05-15,Brighton,1.3,1,2,1.5,Chelsea,2023/2024,
411,,34.0,2024-05-15,Manchester Utd,1.5,3,2,2.2,Newcastle Utd,2023/2024,
413,,38.0,2024-05-19,Luton Town,2.0,2,4,1.1,Fulham,2023/2024,
414,,38.0,2024-05-19,Sheffield Utd,1.0,0,3,3.1,Tottenham,2023/2024,
415,,38.0,2024-05-19,Manchester City,1.9,3,1,0.4,West Ham,2023/2024,
416,,38.0,2024-05-19,Arsenal,2.9,2,1,0.6,Everton,2023/2024,
417,,38.0,2024-05-19,Brighton,1.7,0,2,1.3,Manchester Utd,2023/2024,
418,,38.0,2024-05-19,Brentford,1.1,2,4,3.4,Newcastle Utd,2023/2024,
419,,38.0,2024-05-19,Chelsea,1.1,2,1,2.2,Bournemouth,2023/2024,
420,,38.0,2024-05-19,Crystal Palace,2.5,5,0,0.9,Aston Villa,2023/2024,
421,,38.0,2024-05-19,Liverpool,4.5,2,0,0.5,Wolves,2023/2024,
422,,38.0,2024-05-19,Burnley,1.2,1,2,1.7,Nott'ham Forest,2023/2024,
